{"stats":{"minecraft:dropped":{"minecraft:bread":1,"minecraft:lapis_lazuli":6,"minecraft:wheat_seeds":3,"minecraft:cooked_beef":3,"minecraft:cooked_porkchop":2,"minecraft:diamond_leggings":3,"minecraft:cobblestone":6,"minecraft:iron_trapdoor":1,"minecraft:torch":43,"minecraft:iron_pickaxe":3,"minecraft:bone":11,"minecraft:redstone":84,"minecraft:gravel":40,"minecraft:cobbled_deepslate":64,"minecraft:diamond_hoe":1,"minecraft:experience_bottle":1,"minecraft:enchanted_golden_apple":2,"minecraft:stripped_oak_log":3,"minecraft:flint_and_steel":1,"minecraft:diamond_sword":1,"minecraft:shield":1,"minecraft:diamond_pickaxe":1,"minecraft:stone_pressure_plate":2,"minecraft:wooden_pickaxe":2,"minecraft:raw_gold":6},"minecraft:killed_by":{"minecraft:pillager":1,"man:managgresive":1,"cave_dweller:cave_dweller":1},"minecraft:crafted":{"minecraft:oak_planks":272,"minecraft:stone_shovel":2,"minecraft:cooked_chicken":4,"minecraft:furnace":1,"minecraft:bone_meal":6,"minecraft:cooked_mutton":10,"minecraft:glass":28,"minecraft:stone_pickaxe":6,"minecraft:chest":7,"minecraft:birch_door":3,"minecraft:stone_hoe":2,"minecraft:smoker":1,"minecraft:cooked_beef":7,"securitycraft:portable_radar":1,"minecraft:cooked_porkchop":7,"minecraft:crafting_table":4,"minecraft:wooden_pickaxe":1,"minecraft:baked_potato":20,"minecraft:cobbled_deepslate_wall":84,"minecraft:bucket":1,"minecraft:birch_planks":48,"minecraft:stone_axe":2,"minecraft:air":0,"minecraft:oak_fence_gate":2,"minecraft:wooden_hoe":1,"minecraft:charcoal":11,"minecraft:shield":2,"minecraft:stick":88,"minecraft:iron_pickaxe":5,"minecraft:iron_ingot":35,"minecraft:stone_sword":1,"minecraft:gold_ingot":14,"minecraft:redstone_torch":1,"minecraft:torch":148},"minecraft:custom":{"minecraft:mob_kills":45,"minecraft:interact_with_crafting_table":45,"minecraft:open_barrel":2,"minecraft:interact_with_campfire":7,"minecraft:bell_ring":1,"minecraft:leave_game":4,"minecraft:time_since_death":82333,"minecraft:climb_one_cm":2932,"minecraft:sprint_one_cm":1206200,"minecraft:walk_one_cm":1346895,"minecraft:damage_blocked_by_shield":435,"minecraft:drop":37,"minecraft:talked_to_villager":1,"minecraft:play_time":304658,"minecraft:deaths":3,"minecraft:sneak_time":57083,"minecraft:walk_under_water_one_cm":3053,"minecraft:jump":5069,"minecraft:interact_with_blast_furnace":36,"minecraft:walk_on_water_one_cm":7153,"minecraft:total_world_time":304658,"minecraft:interact_with_furnace":74,"minecraft:interact_with_loom":8,"minecraft:interact_with_stonecutter":1,"minecraft:sleep_in_bed":4,"minecraft:time_since_rest":82371,"minecraft:damage_taken":1607,"minecraft:damage_dealt":5159,"minecraft:swim_one_cm":28208,"minecraft:fly_one_cm":1393092,"minecraft:open_chest":175,"minecraft:crouch_one_cm":386811,"minecraft:interact_with_smoker":44,"minecraft:fall_one_cm":93661,"minecraft:horse_one_cm":166},"minecraft:mined":{"minecraft:tuff":80,"minecraft:white_bed":1,"minecraft:farmland":1,"minecraft:mossy_cobblestone":1,"minecraft:candle":1,"minecraft:sculk_vein":1,"minecraft:granite":2,"minecraft:grass_block":195,"minecraft:furnace":2,"minecraft:carrots":34,"minecraft:cobbled_deepslate":12,"minecraft:iron_ore":29,"minecraft:deepslate_lapis_ore":1,"minecraft:bookshelf":4,"minecraft:potatoes":12,"minecraft:deepslate_iron_ore":2,"minecraft:stripped_oak_log":19,"minecraft:stone":214,"minecraft:deepslate_redstone_ore":24,"minecraft:smoker":1,"minecraft:crafting_table":1,"minecraft:oak_fence":8,"minecraft:cobbled_deepslate_wall":2,"minecraft:blast_furnace":1,"minecraft:chest":1,"minecraft:sculk_sensor":11,"minecraft:tall_grass":51,"minecraft:copper_ore":2,"minecraft:cobblestone":37,"minecraft:deepslate_gold_ore":6,"minecraft:oak_planks":32,"minecraft:sculk":2,"minecraft:wall_torch":14,"minecraft:birch_planks":4,"minecraft:birch_log":12,"minecraft:wheat":36,"minecraft:birch_leaves":2,"minecraft:yellow_bed":1,"minecraft:grass":133,"minecraft:oak_log":84,"minecraft:coal_ore":98,"minecraft:beetroots":5,"minecraft:gravel":18,"minecraft:sand":28,"minecraft:dirt":57,"minecraft:iron_trapdoor":1,"minecraft:oak_leaves":22,"minecraft:deepslate":548},"minecraft:used":{"minecraft:oak_fence":8,"minecraft:stone_sword":54,"minecraft:flint_and_steel":10,"minecraft:stone_shovel":271,"minecraft:redstone":1,"minecraft:diamond_hoe":1,"minecraft:poppy":1,"minecraft:chest":8,"minecraft:shield":7,"minecraft:cooked_chicken":1,"minecraft:stone_hoe":43,"minecraft:torch":139,"minecraft:dirt":24,"minecraft:carrot":23,"minecraft:tuff":19,"minecraft:granite":11,"minecraft:oak_fence_gate":2,"minecraft:birch_door":4,"minecraft:glass":28,"epicfight:stone_greatsword":31,"minecraft:iron_trapdoor":1,"minecraft:oak_sapling":16,"minecraft:furnace":3,"minecraft:egg":1,"minecraft:cooked_beef":5,"minecraft:potato":33,"minecraft:cobbled_deepslate":97,"minecraft:cobbled_deepslate_wall":22,"minecraft:wheat_seeds":44,"minecraft:cooked_mutton":10,"minecraft:water_bucket":47,"minecraft:baked_potato":3,"minecraft:birch_planks":19,"minecraft:stone_pickaxe":525,"minecraft:oak_planks":143,"minecraft:wooden_pickaxe":18,"minecraft:crafting_table":5,"minecraft:blast_furnace":1,"minecraft:white_bed":2,"minecraft:smoker":2,"minecraft:wooden_hoe":71,"minecraft:bread":18,"minecraft:iron_pickaxe":537,"minecraft:golden_leggings":1,"minecraft:stone_axe":176,"minecraft:cobblestone":235,"minecraft:cooked_porkchop":11,"minecraft:bucket":48,"minecraft:yellow_bed":1,"minecraft:candle":6,"minecraft:bone_meal":6,"minecraft:experience_bottle":1},"minecraft:picked_up":{"minecraft:crafting_table":2,"minecraft:birch_door":2,"minecraft:wheat":1,"minecraft:chicken":5,"minecraft:iron_trapdoor":2,"minecraft:wooden_pickaxe":1,"alexscaves:cave_tablet":3,"minecraft:shield":3,"minecraft:string":3,"minecraft:raw_copper":8,"minecraft:candle":1,"minecraft:cobbled_deepslate":850,"minecraft:beef":12,"minecraft:calcite":7,"minecraft:iron_pickaxe":1,"minecraft:chest":2,"minecraft:egg":2,"minecraft:furnace":3,"minecraft:stick":7,"minecraft:raw_iron":31,"minecraft:oak_fence":8,"minecraft:torch":65,"minecraft:porkchop":16,"minecraft:golden_axe":2,"minecraft:carrot":35,"minecraft:redstone":167,"minecraft:stone_pressure_plate":2,"minecraft:stone_sword":3,"minecraft:arrow":3,"minecraft:rotten_flesh":3,"minecraft:stone_shovel":2,"minecraft:beetroot_seeds":5,"minecraft:mutton":14,"minecraft:stripped_oak_log":35,"minecraft:cobblestone":320,"minecraft:white_wool":9,"minecraft:birch_log":18,"minecraft:feather":7,"minecraft:cooked_beef":4,"minecraft:water_bucket":1,"minecraft:brown_wool":1,"minecraft:leather":11,"minecraft:golden_leggings":2,"minecraft:smoker":1,"minecraft:potato":22,"minecraft:birch_planks":4,"minecraft:tuff":96,"minecraft:oak_log":114,"minecraft:yellow_bed":1,"minecraft:gunpowder":4,"minecraft:lapis_lazuli":26,"minecraft:dirt":272,"minecraft:paper":1,"minecraft:cooked_mutton":1,"minecraft:bone":13,"minecraft:apple":2,"minecraft:cobbled_deepslate_wall":2,"minecraft:wheat_seeds":54,"minecraft:raw_gold":12,"minecraft:stone_pickaxe":4,"minecraft:iron_ingot":23,"minecraft:stone_hoe":1,"minecraft:oak_planks":31,"minecraft:book":12,"minecraft:smooth_basalt":5,"minecraft:cooked_porkchop":9,"epicfight:stone_greatsword":4,"minecraft:gravel":80,"minecraft:sand":28,"minecraft:blast_furnace":1,"minecraft:white_bed":2,"minecraft:spider_eye":1,"minecraft:leather_helmet":2,"minecraft:mossy_cobblestone":1,"minecraft:stone_axe":2,"minecraft:granite":18,"minecraft:bread":29,"alexscaves:cave_map":1,"minecraft:baked_potato":3,"minecraft:oak_sapling":13,"minecraft:coal":143},"minecraft:broken":{"minecraft:stone_pickaxe":4,"minecraft:stone_axe":1,"minecraft:iron_pickaxe":2,"minecraft:wooden_hoe":1,"minecraft:stone_shovel":2},"minecraft:killed":{"minecraft:spider":4,"minecraft:skeleton":2,"minecraft:chicken":5,"minecraft:pig":9,"minecraft:sheep":10,"minecraft:pillager":1,"minecraft:zombie":7,"minecraft:cow":7}},"DataVersion":3465}