{"stats":{"minecraft:killed_by":{"minecraft:pillager":1},"minecraft:used":{"minecraft:cooked_mutton":8,"minecraft:stone_sword":32,"minecraft:birch_planks":19,"minecraft:stone_pickaxe":270,"minecraft:stone_shovel":30,"minecraft:oak_planks":110,"minecraft:chest":2,"minecraft:wooden_pickaxe":18,"minecraft:shield":6,"minecraft:cooked_chicken":1,"minecraft:torch":50,"minecraft:dirt":6,"minecraft:crafting_table":3,"minecraft:blast_furnace":1,"minecraft:white_bed":2,"minecraft:smoker":2,"minecraft:birch_door":2,"epicfight:stone_greatsword":14,"minecraft:golden_leggings":1,"minecraft:stone_axe":106,"minecraft:cobblestone":121,"minecraft:oak_sapling":2,"minecraft:furnace":2,"minecraft:cooked_porkchop":6,"minecraft:yellow_bed":1},"minecraft:mined":{"minecraft:white_bed":1,"minecraft:smoker":1,"minecraft:blast_furnace":1,"minecraft:grass_block":13,"minecraft:chest":1,"minecraft:copper_ore":2,"minecraft:tall_grass":2,"minecraft:cobblestone":4,"minecraft:oak_planks":10,"minecraft:wall_torch":2,"minecraft:birch_planks":2,"minecraft:furnace":2,"minecraft:carrots":16,"minecraft:iron_ore":29,"minecraft:birch_log":12,"minecraft:wheat":28,"minecraft:birch_leaves":2,"minecraft:yellow_bed":1,"minecraft:grass":18,"minecraft:bookshelf":4,"minecraft:potatoes":5,"minecraft:oak_log":68,"minecraft:coal_ore":70,"minecraft:beetroots":5,"minecraft:gravel":13,"minecraft:dirt":9,"minecraft:stone":173,"minecraft:oak_leaves":20},"minecraft:killed":{"minecraft:pig":8,"minecraft:spider":2,"minecraft:sheep":6,"minecraft:pillager":1,"minecraft:zombie":1,"minecraft:chicken":4,"minecraft:cow":5},"minecraft:dropped":{"minecraft:gravel":13,"minecraft:cooked_beef":3,"minecraft:cooked_porkchop":2,"minecraft:cobblestone":6,"minecraft:flint_and_steel":1,"minecraft:shield":1,"minecraft:torch":32,"minecraft:wooden_pickaxe":2},"minecraft:picked_up":{"minecraft:birch_log":18,"minecraft:feather":7,"minecraft:cooked_beef":1,"minecraft:chicken":4,"minecraft:leather":7,"minecraft:wooden_pickaxe":1,"minecraft:smoker":1,"minecraft:potato":4,"minecraft:birch_planks":2,"minecraft:oak_log":98,"minecraft:yellow_bed":1,"minecraft:shield":1,"minecraft:dirt":29,"minecraft:lapis_lazuli":14,"minecraft:string":2,"minecraft:raw_copper":8,"minecraft:wheat_seeds":26,"minecraft:beef":9,"minecraft:stone_pickaxe":2,"minecraft:chest":2,"minecraft:oak_planks":11,"minecraft:furnace":3,"minecraft:book":12,"minecraft:stick":3,"minecraft:raw_iron":29,"minecraft:cooked_porkchop":5,"epicfight:stone_greatsword":2,"minecraft:torch":17,"minecraft:gravel":26,"minecraft:porkchop":14,"minecraft:blast_furnace":1,"minecraft:white_bed":2,"minecraft:carrot":16,"minecraft:stone_sword":1,"minecraft:stone_shovel":1,"minecraft:stone_axe":1,"minecraft:beetroot_seeds":5,"minecraft:oak_sapling":3,"minecraft:mutton":9,"minecraft:coal":115,"minecraft:white_wool":6,"minecraft:cobblestone":241},"minecraft:crafted":{"minecraft:cooked_beef":5,"minecraft:oak_planks":168,"minecraft:stone_shovel":1,"minecraft:cooked_porkchop":7,"minecraft:crafting_table":3,"minecraft:wooden_pickaxe":1,"minecraft:cooked_chicken":3,"minecraft:furnace":1,"minecraft:birch_planks":48,"minecraft:stone_axe":1,"minecraft:cooked_mutton":9,"minecraft:air":0,"minecraft:charcoal":11,"minecraft:shield":2,"minecraft:stick":40,"minecraft:iron_ingot":22,"minecraft:stone_pickaxe":3,"minecraft:stone_sword":1,"minecraft:chest":1,"minecraft:birch_door":3,"minecraft:torch":84,"minecraft:smoker":1},"minecraft:broken":{"minecraft:stone_pickaxe":2},"minecraft:custom":{"minecraft:interact_with_furnace":37,"minecraft:mob_kills":27,"minecraft:interact_with_crafting_table":17,"minecraft:leave_game":2,"minecraft:time_since_death":33005,"minecraft:sleep_in_bed":2,"minecraft:climb_one_cm":2188,"minecraft:time_since_rest":7963,"minecraft:sprint_one_cm":409447,"minecraft:damage_taken":557,"minecraft:walk_one_cm":435501,"minecraft:damage_blocked_by_shield":375,"minecraft:drop":10,"minecraft:damage_dealt":2664,"minecraft:swim_one_cm":23099,"minecraft:talked_to_villager":1,"minecraft:fly_one_cm":564008,"minecraft:open_chest":32,"minecraft:play_time":81296,"minecraft:crouch_one_cm":44896,"minecraft:deaths":1,"minecraft:sneak_time":7016,"minecraft:walk_under_water_one_cm":2180,"minecraft:jump":1620,"minecraft:interact_with_blast_furnace":4,"minecraft:walk_on_water_one_cm":2874,"minecraft:total_world_time":81296,"minecraft:interact_with_smoker":16,"minecraft:fall_one_cm":35656,"minecraft:horse_one_cm":166}},"DataVersion":3465}