{"stats":{"minecraft:custom":{"minecraft:time_since_rest":28392,"minecraft:crouch_one_cm":5,"minecraft:sprint_one_cm":17639,"minecraft:play_time":28392,"minecraft:damage_taken":180,"minecraft:walk_one_cm":13828,"minecraft:sneak_time":8,"minecraft:mob_kills":1,"minecraft:jump":142,"minecraft:damage_dealt":184,"minecraft:leave_game":2,"minecraft:walk_on_water_one_cm":201,"minecraft:time_since_death":28392,"minecraft:total_world_time":28392,"minecraft:fall_one_cm":894,"minecraft:fly_one_cm":98521},"minecraft:killed":{"minecraft:skeleton":1},"minecraft:used":{"minecraft:oak_log":2,"securitycraft:sentry":1,"minecraft:dirt":37,"minecraft:flint_and_steel":1,"minecraft:tnt":23},"minecraft:picked_up":{"securitycraft:sentry":1,"minecraft:birch_log":2,"minecraft:stick":2,"minecraft:bone":2,"minecraft:apple":1,"minecraft:oak_log":4,"minecraft:oak_sapling":2,"minecraft:dirt":82},"minecraft:mined":{"minecraft:grass_block":2,"minecraft:birch_log":2}},"DataVersion":3465}