{"stats":{"minecraft:dropped":{"minecraft:stone_hoe":1,"minecraft:iron_ingot":23,"minecraft:wheat_seeds":2,"minecraft:baked_potato":3,"minecraft:mossy_cobblestone":1,"minecraft:cobblestone":6,"minecraft:leather":1,"minecraft:granite":16,"minecraft:dirt":17,"minecraft:torch":18,"minecraft:wooden_axe":1,"epicfight:iron_greatsword":1,"minecraft:oak_stairs":4,"minecraft:wooden_sword":1,"alexscaves:cave_map":2,"epicfight:stone_greatsword":1,"minecraft:iron_pickaxe":2,"minecraft:paper":1,"minecraft:smooth_basalt":5,"minecraft:gravel":23,"minecraft:cobbled_deepslate":320,"alexscaves:cave_tablet":3,"minecraft:tuff":104,"minecraft:rotten_flesh":2,"minecraft:white_bed":1,"minecraft:gunpowder":4,"minecraft:oak_sapling":8,"minecraft:calcite":7},"minecraft:killed_by":{"minecraft:pillager":1,"minecraft:skeleton":1},"minecraft:crafted":{"minecraft:oak_planks":344,"minecraft:cooked_chicken":3,"minecraft:furnace":1,"minecraft:bone_meal":27,"alexscaves:cave_map":1,"minecraft:bow":6,"minecraft:stone_pickaxe":6,"epicfight:iron_greatsword":1,"minecraft:chest":1,"minecraft:stone_hoe":1,"minecraft:oak_fence":9,"minecraft:wheat":171,"minecraft:cooked_beef":18,"minecraft:emerald":12,"minecraft:cooked_porkchop":4,"minecraft:crafting_table":2,"minecraft:iron_sword":1,"minecraft:fletching_table":1,"epicfight:stone_greatsword":2,"minecraft:campfire":5,"minecraft:stone_axe":3,"minecraft:bread":57,"minecraft:air":0,"epicfight:iron_tachi":1,"minecraft:charcoal":5,"minecraft:stick":464,"minecraft:iron_ingot":13,"minecraft:iron_pickaxe":1,"minecraft:wooden_axe":1,"minecraft:white_bed":2,"minecraft:torch":160,"minecraft:shears":1},"minecraft:custom":{"minecraft:mob_kills":44,"minecraft:interact_with_crafting_table":33,"minecraft:open_barrel":1,"minecraft:interact_with_campfire":5,"minecraft:leave_game":12,"minecraft:time_since_death":243620,"minecraft:climb_one_cm":2122,"minecraft:sprint_one_cm":759889,"minecraft:walk_one_cm":1368029,"minecraft:damage_blocked_by_shield":1020,"minecraft:drop":43,"minecraft:damage_dealt_absorbed":5,"minecraft:talked_to_villager":10,"minecraft:play_time":332869,"minecraft:sneak_time":19023,"minecraft:deaths":2,"minecraft:walk_under_water_one_cm":1048,"minecraft:jump":3756,"minecraft:interact_with_blast_furnace":3,"minecraft:walk_on_water_one_cm":4769,"minecraft:total_world_time":332869,"minecraft:interact_with_furnace":29,"minecraft:traded_with_villager":18,"minecraft:interact_with_loom":28,"minecraft:sleep_in_bed":3,"minecraft:time_since_rest":198921,"minecraft:damage_taken":2545,"minecraft:damage_dealt":7300,"minecraft:swim_one_cm":4909,"minecraft:fly_one_cm":1976115,"minecraft:open_chest":67,"minecraft:crouch_one_cm":69880,"minecraft:interact_with_smoker":4,"minecraft:fall_one_cm":62158},"minecraft:mined":{"alexscaves:spelunkery_table":1,"minecraft:tuff":70,"minecraft:stone_pressure_plate":1,"minecraft:white_bed":1,"minecraft:mossy_cobblestone":2,"minecraft:candle":3,"minecraft:sculk_vein":1,"minecraft:granite":17,"minecraft:grass_block":12,"minecraft:hay_block":19,"minecraft:furnace":3,"minecraft:carrots":3,"minecraft:iron_ore":7,"minecraft:cobbled_deepslate":5,"minecraft:andesite":29,"minecraft:fletching_table":1,"minecraft:deepslate_lapis_ore":14,"minecraft:gold_block":1,"minecraft:sculk_shrieker":2,"minecraft:potatoes":7,"minecraft:bookshelf":2,"minecraft:dirt_path":2,"minecraft:deepslate_iron_ore":18,"minecraft:water_cauldron":3,"minecraft:oak_stairs":2,"minecraft:stripped_oak_log":5,"minecraft:stone":343,"minecraft:deepslate_redstone_ore":11,"minecraft:dandelion":1,"minecraft:crafting_table":5,"minecraft:torch":9,"minecraft:calcite":7,"minecraft:poppy":1,"minecraft:sculk_sensor":7,"minecraft:campfire":4,"minecraft:copper_ore":13,"minecraft:tall_grass":2,"minecraft:cobblestone":22,"minecraft:lapis_ore":6,"minecraft:deepslate_gold_ore":5,"minecraft:oak_planks":13,"minecraft:sugar_cane":3,"minecraft:sculk":10,"minecraft:diorite":4,"minecraft:wall_torch":7,"minecraft:amethyst_block":13,"minecraft:birch_log":2,"minecraft:wheat":1,"minecraft:yellow_bed":2,"minecraft:grass":30,"minecraft:oak_log":124,"minecraft:coal_ore":46,"minecraft:gravel":21,"minecraft:dirt":17,"minecraft:smooth_basalt":5,"minecraft:oak_leaves":13,"minecraft:deepslate":745},"minecraft:used":{"minecraft:oak_fence":9,"minecraft:flint_and_steel":1,"minecraft:chest":1,"minecraft:shield":19,"minecraft:cooked_chicken":2,"minecraft:stone_hoe":7,"minecraft:torch":198,"minecraft:dirt":43,"minecraft:carrot":11,"minecraft:tuff":14,"minecraft:granite":1,"minecraft:wooden_axe":52,"epicfight:iron_greatsword":37,"epicfight:stone_greatsword":14,"alexscaves:spelunkery_table":1,"securitycraft:sentry":2,"minecraft:oak_sapling":3,"minecraft:furnace":3,"minecraft:stone_pressure_plate":1,"minecraft:cooked_beef":19,"minecraft:potato":11,"minecraft:cobbled_deepslate":2,"minecraft:cooked_mutton":4,"minecraft:diorite":4,"minecraft:baked_potato":14,"minecraft:stone_pickaxe":537,"minecraft:oak_planks":119,"minecraft:fletching_table":2,"man:manfromthefog_spawn_egg":2,"minecraft:mossy_cobblestone":1,"minecraft:tnt":23,"minecraft:crafting_table":7,"alexscaves:cave_book":2,"minecraft:white_bed":2,"minecraft:campfire":5,"epicfight:iron_tachi":17,"minecraft:oak_log":4,"minecraft:apple":1,"minecraft:bread":4,"minecraft:iron_pickaxe":881,"man:manfromthefogback_spawn_egg":1,"minecraft:stone_axe":123,"minecraft:wooden_sword":11,"minecraft:cobblestone":133,"minecraft:cooked_porkchop":2,"minecraft:andesite":9,"minecraft:yellow_bed":2,"epicfight:uchigatana":19,"minecraft:candle":4,"minecraft:bone_meal":18,"minecraft:experience_bottle":1},"minecraft:picked_up":{"minecraft:charcoal":11,"minecraft:crafting_table":6,"minecraft:chicken":2,"minecraft:diamond_sword":1,"minecraft:oak_stairs":4,"minecraft:gold_block":1,"minecraft:shield":3,"epicfight:iron_tachi":1,"minecraft:amethyst_block":13,"minecraft:string":6,"minecraft:raw_copper":149,"minecraft:experience_bottle":1,"minecraft:diamond_leggings":3,"minecraft:candle":9,"minecraft:cobbled_deepslate":786,"minecraft:beef":28,"minecraft:calcite":7,"minecraft:poppy":1,"minecraft:iron_pickaxe":5,"minecraft:enchanted_golden_apple":2,"minecraft:sugar_cane":9,"minecraft:diamond_hoe":1,"minecraft:furnace":4,"minecraft:egg":2,"minecraft:stick":4,"minecraft:raw_iron":30,"minecraft:torch":102,"minecraft:porkchop":2,"minecraft:diorite":4,"minecraft:carrot":9,"minecraft:stone_pressure_plate":1,"minecraft:redstone":55,"minecraft:cauldron":3,"minecraft:arrow":13,"minecraft:rotten_flesh":8,"minecraft:hay_block":19,"alexscaves:spelunkery_table":1,"minecraft:white_wool":11,"minecraft:cobblestone":450,"minecraft:birch_log":2,"minecraft:stripped_oak_log":8,"minecraft:feather":5,"minecraft:cooked_beef":7,"minecraft:andesite":28,"minecraft:leather":10,"minecraft:potato":23,"minecraft:flint":2,"minecraft:tuff":63,"minecraft:oak_log":159,"minecraft:yellow_bed":2,"minecraft:gunpowder":10,"minecraft:lapis_lazuli":158,"minecraft:dirt":114,"securitycraft:sentry":2,"man:cassette_1safetyinstructions":2,"minecraft:cooked_mutton":4,"minecraft:bone":12,"minecraft:apple":3,"epicfight:iron_greatsword":1,"minecraft:bow":1,"minecraft:wheat_seeds":5,"minecraft:raw_gold":11,"minecraft:iron_ingot":25,"minecraft:stone_pickaxe":4,"minecraft:fletching_table":1,"minecraft:stone_hoe":1,"minecraft:oak_planks":41,"minecraft:book":6,"minecraft:smooth_basalt":5,"minecraft:cooked_porkchop":3,"minecraft:dandelion":1,"minecraft:gravel":23,"minecraft:white_bed":1,"minecraft:spider_eye":1,"minecraft:mossy_cobblestone":2,"minecraft:slime_ball":3,"minecraft:stone_axe":2,"minecraft:granite":19,"alexscaves:cave_map":1,"minecraft:oak_sapling":33,"minecraft:coal":47,"minecraft:diamond_pickaxe":1},"minecraft:broken":{"minecraft:stone_pickaxe":3,"minecraft:stone_axe":1,"minecraft:iron_pickaxe":2},"minecraft:killed":{"minecraft:spider":4,"minecraft:skeleton":9,"minecraft:chicken":2,"minecraft:pig":2,"minecraft:creeper":6,"minecraft:pillager":2,"minecraft:zombie":3,"man:manfromthefogback":1,"minecraft:enderman":2,"minecraft:cow":11}},"DataVersion":3465}