{"stats":{"minecraft:picked_up":{"securitycraft:sentry":1,"minecraft:birch_log":2,"minecraft:stick":2,"minecraft:bone":2,"minecraft:apple":1,"minecraft:oak_log":4,"minecraft:oak_sapling":2,"minecraft:dirt":82},"minecraft:custom":{"minecraft:time_since_rest":20153,"minecraft:crouch_one_cm":5,"minecraft:play_time":20153,"minecraft:sprint_one_cm":7018,"minecraft:damage_taken":180,"minecraft:walk_one_cm":8738,"minecraft:sneak_time":8,"minecraft:mob_kills":1,"minecraft:jump":58,"minecraft:leave_game":1,"minecraft:walk_on_water_one_cm":201,"minecraft:time_since_death":20153,"minecraft:total_world_time":20153,"minecraft:fall_one_cm":894,"minecraft:fly_one_cm":65495},"minecraft:mined":{"minecraft:grass_block":2,"minecraft:birch_log":2},"minecraft:used":{"securitycraft:sentry":1,"minecraft:dirt":37,"minecraft:flint_and_steel":1,"minecraft:tnt":23},"minecraft:killed":{"minecraft:skeleton":1}},"DataVersion":3465}