{"stats":{"minecraft:mined":{"minecraft:grass_block":2,"minecraft:birch_log":2},"minecraft:custom":{"minecraft:time_since_rest":33002,"minecraft:crouch_one_cm":5,"minecraft:sprint_one_cm":29857,"minecraft:play_time":33002,"minecraft:damage_taken":180,"minecraft:walk_one_cm":52351,"minecraft:sneak_time":17,"minecraft:mob_kills":4,"minecraft:jump":213,"minecraft:damage_dealt":624,"minecraft:leave_game":3,"minecraft:walk_on_water_one_cm":201,"minecraft:time_since_death":33002,"minecraft:total_world_time":33002,"minecraft:fall_one_cm":894,"minecraft:fly_one_cm":146301},"minecraft:picked_up":{"securitycraft:sentry":1,"minecraft:birch_log":2,"minecraft:stick":2,"minecraft:bone":2,"minecraft:apple":1,"minecraft:leather":1,"minecraft:beef":2,"minecraft:oak_log":4,"minecraft:oak_sapling":2,"minecraft:dirt":82},"minecraft:used":{"minecraft:oak_log":3,"securitycraft:sentry":2,"minecraft:wooden_sword":11,"minecraft:dirt":37,"minecraft:flint_and_steel":1,"minecraft:tnt":23},"minecraft:killed":{"minecraft:skeleton":1,"minecraft:creeper":1,"minecraft:cow":2}},"DataVersion":3465}