{"stats":{"minecraft:dropped":{"minecraft:stone_hoe":1,"minecraft:iron_ingot":23,"minecraft:oak_slab":3,"minecraft:wheat_seeds":2,"minecraft:baked_potato":3,"minecraft:mossy_cobblestone":1,"minecraft:oak_fence":3,"minecraft:cobblestone":6,"minecraft:leather":1,"minecraft:granite":16,"minecraft:dirt":17,"minecraft:diorite":8,"minecraft:torch":18,"minecraft:wooden_axe":1,"minecraft:potion":1,"epicfight:iron_greatsword":1,"minecraft:oak_stairs":4,"minecraft:wooden_sword":1,"alexscaves:cave_map":2,"epicfight:stone_greatsword":1,"minecraft:iron_pickaxe":2,"minecraft:paper":1,"minecraft:smooth_basalt":5,"minecraft:gravel":23,"minecraft:sugar_cane":3,"minecraft:cobbled_deepslate":320,"alexscaves:cave_tablet":3,"minecraft:tuff":104,"minecraft:rotten_flesh":2,"minecraft:white_bed":1,"minecraft:gunpowder":4,"minecraft:andesite":32,"minecraft:oak_sapling":8,"minecraft:calcite":7},"minecraft:killed":{"minecraft:spider":4,"minecraft:phantom":6,"minecraft:skeleton":9,"minecraft:chicken":2,"minecraft:pig":2,"minecraft:creeper":6,"minecraft:pillager":2,"minecraft:zombie":3,"man:manfromthefogback":1,"minecraft:enderman":2,"minecraft:cow":11},"minecraft:crafted":{"minecraft:oak_planks":356,"minecraft:cooked_chicken":3,"minecraft:furnace":1,"minecraft:bone_meal":27,"alexscaves:cave_map":2,"minecraft:bow":6,"minecraft:iron_axe":1,"minecraft:stone_pickaxe":8,"epicfight:iron_greatsword":1,"minecraft:chest":1,"minecraft:stone_hoe":1,"minecraft:oak_fence":9,"minecraft:wheat":171,"minecraft:cooked_beef":23,"minecraft:emerald":12,"minecraft:cooked_porkchop":4,"minecraft:crafting_table":4,"minecraft:baked_potato":58,"minecraft:iron_sword":1,"minecraft:fletching_table":1,"epicfight:stone_greatsword":2,"minecraft:campfire":5,"minecraft:stone_axe":3,"minecraft:bread":57,"minecraft:air":0,"epicfight:iron_tachi":1,"minecraft:charcoal":5,"minecraft:stick":468,"minecraft:iron_ingot":13,"minecraft:iron_pickaxe":1,"minecraft:wooden_axe":1,"minecraft:white_bed":2,"minecraft:torch":188,"minecraft:shears":1},"minecraft:picked_up":{"minecraft:charcoal":11,"minecraft:crafting_table":6,"minecraft:wheat":32,"minecraft:chicken":2,"minecraft:brown_mushroom":1,"minecraft:diamond_sword":1,"minecraft:oak_stairs":4,"minecraft:gold_block":1,"minecraft:shield":3,"epicfight:iron_tachi":1,"minecraft:amethyst_block":13,"minecraft:string":6,"minecraft:raw_copper":165,"minecraft:experience_bottle":1,"minecraft:diamond_leggings":3,"minecraft:candle":9,"minecraft:cobbled_deepslate":789,"minecraft:beef":28,"minecraft:calcite":7,"minecraft:poppy":1,"minecraft:iron_pickaxe":5,"minecraft:enchanted_golden_apple":2,"minecraft:sugar_cane":15,"minecraft:phantom_membrane":2,"minecraft:diamond_hoe":1,"minecraft:furnace":4,"minecraft:egg":2,"minecraft:sandstone":2,"minecraft:stick":34,"minecraft:raw_iron":36,"minecraft:oak_fence":5,"minecraft:torch":105,"minecraft:porkchop":2,"minecraft:tnt":1,"minecraft:diorite":12,"minecraft:carrot":46,"minecraft:redstone":55,"minecraft:stone_pressure_plate":1,"minecraft:cauldron":3,"minecraft:arrow":15,"minecraft:rotten_flesh":8,"minecraft:hay_block":19,"alexscaves:spelunkery_table":1,"minecraft:white_wool":11,"minecraft:cobblestone":588,"minecraft:birch_log":2,"minecraft:stripped_oak_log":8,"minecraft:feather":5,"minecraft:cooked_beef":7,"minecraft:andesite":60,"minecraft:leather":10,"minecraft:potato":141,"minecraft:flint":2,"minecraft:tuff":63,"minecraft:oak_log":226,"minecraft:yellow_bed":2,"minecraft:gunpowder":10,"minecraft:lapis_lazuli":158,"minecraft:dirt":114,"securitycraft:sentry":2,"man:cassette_1safetyinstructions":2,"minecraft:cooked_mutton":4,"minecraft:bone":12,"minecraft:apple":7,"minecraft:cobbled_deepslate_wall":1,"epicfight:iron_greatsword":1,"minecraft:bow":1,"minecraft:wheat_seeds":83,"minecraft:raw_gold":11,"minecraft:iron_ingot":25,"minecraft:stone_pickaxe":4,"minecraft:fletching_table":1,"minecraft:stone_hoe":1,"minecraft:oak_planks":41,"minecraft:book":6,"minecraft:oak_slab":6,"minecraft:smooth_basalt":5,"minecraft:cooked_porkchop":3,"minecraft:sweet_berries":27,"minecraft:dandelion":1,"minecraft:sand":3,"minecraft:gravel":23,"minecraft:white_bed":1,"minecraft:spruce_log":13,"minecraft:spider_eye":1,"minecraft:mossy_cobblestone":2,"minecraft:slime_ball":3,"minecraft:stone_axe":2,"minecraft:granite":79,"iceandfire:raw_silver":12,"alexscaves:cave_map":1,"minecraft:oak_sapling":63,"minecraft:coal":48,"minecraft:diamond_pickaxe":1},"minecraft:mined":{"alexscaves:spelunkery_table":1,"minecraft:tuff":70,"minecraft:stone_pressure_plate":1,"minecraft:white_bed":1,"iceandfire:silver_ore":12,"minecraft:mossy_cobblestone":2,"minecraft:candle":3,"minecraft:sculk_vein":1,"minecraft:granite":78,"minecraft:grass_block":12,"minecraft:spruce_leaves":1,"minecraft:sandstone":2,"minecraft:hay_block":19,"minecraft:furnace":3,"minecraft:carrots":13,"minecraft:iron_ore":13,"minecraft:cobbled_deepslate":5,"minecraft:andesite":63,"minecraft:fletching_table":1,"minecraft:deepslate_lapis_ore":14,"minecraft:gold_block":1,"minecraft:sculk_shrieker":2,"minecraft:potatoes":38,"minecraft:bookshelf":2,"minecraft:dirt_path":2,"minecraft:deepslate_iron_ore":18,"minecraft:water_cauldron":3,"minecraft:oak_stairs":2,"minecraft:stripped_oak_log":5,"minecraft:stone":481,"minecraft:deepslate_redstone_ore":11,"minecraft:oak_slab":6,"minecraft:brown_mushroom":2,"minecraft:dandelion":1,"minecraft:oak_fence":4,"minecraft:cobbled_deepslate_wall":1,"minecraft:crafting_table":5,"minecraft:torch":10,"minecraft:calcite":7,"minecraft:poppy":1,"minecraft:sculk_sensor":7,"minecraft:campfire":4,"minecraft:copper_ore":17,"minecraft:tall_grass":6,"minecraft:cobblestone":25,"minecraft:deepslate_gold_ore":5,"minecraft:lapis_ore":6,"minecraft:oak_planks":13,"minecraft:sugar_cane":5,"minecraft:sculk":10,"minecraft:diorite":18,"minecraft:wall_torch":9,"minecraft:amethyst_block":13,"minecraft:birch_log":2,"minecraft:sweet_berry_bush":11,"minecraft:wheat":33,"minecraft:spruce_log":13,"minecraft:tnt":1,"minecraft:yellow_bed":2,"minecraft:grass":32,"minecraft:oak_log":192,"minecraft:coal_ore":47,"minecraft:gravel":21,"minecraft:sand":4,"minecraft:dirt":17,"minecraft:smooth_basalt":5,"minecraft:oak_leaves":35,"minecraft:deepslate":749,"minecraft:fern":2},"minecraft:used":{"minecraft:oak_fence":9,"minecraft:flint_and_steel":1,"minecraft:chest":2,"minecraft:shield":19,"minecraft:cooked_chicken":2,"minecraft:stone_hoe":7,"minecraft:torch":217,"minecraft:dirt":43,"minecraft:carrot":22,"minecraft:tuff":14,"minecraft:granite":1,"minecraft:wooden_axe":52,"epicfight:iron_greatsword":55,"minecraft:iron_axe":109,"epicfight:stone_greatsword":14,"alexscaves:spelunkery_table":1,"securitycraft:sentry":2,"minecraft:oak_sapling":20,"minecraft:furnace":3,"minecraft:trapped_chest":1,"minecraft:stone_pressure_plate":1,"minecraft:potato":52,"minecraft:cooked_beef":21,"minecraft:cobbled_deepslate":2,"minecraft:cobbled_deepslate_wall":1,"minecraft:wheat_seeds":30,"minecraft:cooked_mutton":4,"minecraft:diorite":4,"minecraft:baked_potato":26,"minecraft:stone_pickaxe":737,"minecraft:oak_planks":119,"minecraft:brown_mushroom":1,"minecraft:fletching_table":2,"minecraft:deepslate_bricks":1,"man:manfromthefog_spawn_egg":2,"minecraft:mossy_cobblestone":1,"minecraft:oak_slab":3,"minecraft:sand":3,"minecraft:tnt":23,"minecraft:crafting_table":9,"alexscaves:cave_book":2,"minecraft:white_bed":2,"minecraft:campfire":5,"epicfight:iron_tachi":17,"minecraft:oak_log":4,"minecraft:apple":1,"minecraft:bread":4,"minecraft:iron_pickaxe":963,"man:manfromthefogback_spawn_egg":1,"minecraft:stone_axe":123,"minecraft:wooden_sword":11,"minecraft:cobblestone":142,"minecraft:potion":1,"minecraft:cooked_porkchop":2,"minecraft:andesite":9,"minecraft:yellow_bed":2,"epicfight:uchigatana":19,"minecraft:candle":4,"minecraft:bone_meal":18,"minecraft:experience_bottle":1},"minecraft:broken":{"minecraft:stone_pickaxe":4,"minecraft:stone_axe":1,"minecraft:iron_pickaxe":3},"minecraft:killed_by":{"minecraft:pillager":1,"minecraft:skeleton":1},"minecraft:custom":{"minecraft:mob_kills":50,"minecraft:interact_with_crafting_table":39,"minecraft:open_barrel":3,"minecraft:interact_with_campfire":5,"minecraft:leave_game":14,"minecraft:time_since_death":375940,"minecraft:climb_one_cm":2122,"minecraft:sprint_one_cm":963435,"minecraft:walk_one_cm":1657394,"minecraft:damage_blocked_by_shield":1020,"minecraft:drop":51,"minecraft:damage_dealt_absorbed":5,"minecraft:talked_to_villager":11,"minecraft:play_time":465189,"minecraft:sneak_time":22185,"minecraft:deaths":2,"minecraft:walk_under_water_one_cm":3108,"minecraft:jump":4758,"minecraft:interact_with_blast_furnace":3,"minecraft:walk_on_water_one_cm":16994,"minecraft:total_world_time":465189,"minecraft:interact_with_furnace":29,"minecraft:traded_with_villager":18,"minecraft:interact_with_loom":98,"minecraft:sleep_in_bed":4,"minecraft:time_since_rest":82059,"minecraft:damage_taken":2951,"minecraft:damage_dealt":8499,"minecraft:swim_one_cm":26620,"minecraft:fly_one_cm":2776090,"minecraft:open_chest":142,"minecraft:crouch_one_cm":85550,"minecraft:interact_with_smoker":10,"minecraft:fall_one_cm":75810}},"DataVersion":3465}