{"stats":{"minecraft:used":{"minecraft:oak_fence":8,"minecraft:diorite":4,"minecraft:flint_and_steel":1,"minecraft:stone_pickaxe":288,"minecraft:oak_planks":118,"minecraft:chest":1,"minecraft:shield":2,"minecraft:torch":27,"minecraft:dirt":40,"minecraft:tnt":23,"minecraft:crafting_table":6,"minecraft:white_bed":2,"minecraft:campfire":4,"minecraft:granite":1,"epicfight:iron_tachi":17,"minecraft:oak_log":4,"minecraft:wooden_axe":52,"minecraft:apple":1,"epicfight:iron_greatsword":1,"minecraft:bread":4,"minecraft:iron_pickaxe":3,"epicfight:stone_greatsword":14,"minecraft:stone_axe":57,"securitycraft:sentry":2,"minecraft:wooden_sword":11,"minecraft:cobblestone":36,"minecraft:furnace":3,"minecraft:cooked_porkchop":2,"minecraft:andesite":9,"minecraft:yellow_bed":2,"minecraft:cooked_beef":11,"epicfight:uchigatana":19},"minecraft:crafted":{"minecraft:cooked_beef":18,"minecraft:oak_planks":140,"minecraft:cooked_porkchop":4,"minecraft:crafting_table":1,"minecraft:iron_sword":1,"minecraft:furnace":1,"epicfight:stone_greatsword":2,"minecraft:campfire":5,"minecraft:stone_axe":3,"minecraft:air":0,"epicfight:iron_tachi":1,"minecraft:charcoal":5,"minecraft:stick":44,"epicfight:iron_greatsword":1,"minecraft:iron_ingot":13,"minecraft:iron_pickaxe":1,"minecraft:wooden_axe":1,"minecraft:stone_pickaxe":6,"minecraft:chest":1,"minecraft:white_bed":2,"minecraft:torch":12,"minecraft:oak_fence":9,"minecraft:shears":1},"minecraft:mined":{"minecraft:white_bed":1,"minecraft:crafting_table":5,"minecraft:torch":1,"minecraft:granite":1,"minecraft:grass_block":8,"minecraft:campfire":3,"minecraft:oak_planks":13,"minecraft:cobblestone":1,"minecraft:copper_ore":13,"minecraft:lapis_ore":6,"minecraft:sugar_cane":3,"minecraft:diorite":4,"minecraft:hay_block":19,"minecraft:furnace":3,"minecraft:birch_log":2,"minecraft:iron_ore":5,"minecraft:andesite":10,"minecraft:yellow_bed":2,"minecraft:gold_block":1,"minecraft:grass":23,"minecraft:oak_log":81,"minecraft:coal_ore":34,"minecraft:dirt":7,"minecraft:stone":202,"minecraft:oak_leaves":7},"minecraft:picked_up":{"minecraft:birch_log":2,"minecraft:charcoal":9,"minecraft:crafting_table":6,"minecraft:feather":5,"minecraft:cooked_beef":7,"minecraft:chicken":2,"minecraft:andesite":9,"minecraft:leather":9,"minecraft:gold_block":1,"minecraft:oak_log":116,"minecraft:yellow_bed":2,"minecraft:shield":3,"minecraft:gunpowder":4,"epicfight:iron_tachi":1,"minecraft:lapis_lazuli":62,"minecraft:dirt":99,"minecraft:string":4,"securitycraft:sentry":2,"minecraft:raw_copper":149,"man:cassette_1safetyinstructions":2,"minecraft:bone":3,"minecraft:apple":2,"minecraft:wheat_seeds":1,"minecraft:iron_ingot":25,"minecraft:beef":23,"minecraft:stone_pickaxe":4,"minecraft:iron_pickaxe":1,"minecraft:sugar_cane":9,"minecraft:oak_planks":40,"minecraft:egg":2,"minecraft:furnace":4,"minecraft:raw_iron":10,"minecraft:stick":4,"minecraft:cooked_porkchop":3,"minecraft:torch":74,"minecraft:porkchop":2,"minecraft:diorite":4,"minecraft:white_bed":1,"minecraft:arrow":6,"minecraft:rotten_flesh":4,"minecraft:stone_axe":1,"minecraft:hay_block":19,"minecraft:granite":3,"minecraft:oak_sapling":30,"minecraft:coal":35,"minecraft:white_wool":11,"minecraft:cobblestone":289},"minecraft:broken":{"minecraft:stone_pickaxe":1},"minecraft:custom":{"minecraft:interact_with_furnace":25,"minecraft:mob_kills":28,"minecraft:interact_with_crafting_table":26,"minecraft:interact_with_campfire":5,"minecraft:leave_game":5,"minecraft:time_since_death":28087,"minecraft:sleep_in_bed":2,"minecraft:climb_one_cm":1498,"minecraft:time_since_rest":1815,"minecraft:sprint_one_cm":324592,"minecraft:damage_taken":1450,"minecraft:walk_one_cm":574940,"minecraft:damage_blocked_by_shield":120,"minecraft:drop":7,"minecraft:damage_dealt":4474,"minecraft:swim_one_cm":4909,"minecraft:fly_one_cm":686034,"minecraft:open_chest":15,"minecraft:crouch_one_cm":11899,"minecraft:play_time":117336,"minecraft:deaths":2,"minecraft:sneak_time":2154,"minecraft:walk_under_water_one_cm":1048,"minecraft:jump":1620,"minecraft:interact_with_blast_furnace":1,"minecraft:walk_on_water_one_cm":4769,"minecraft:interact_with_smoker":3,"minecraft:total_world_time":117336,"minecraft:fall_one_cm":28417},"minecraft:killed":{"minecraft:pig":2,"minecraft:spider":2,"minecraft:creeper":3,"minecraft:skeleton":3,"minecraft:pillager":2,"minecraft:zombie":1,"minecraft:chicken":2,"minecraft:enderman":2,"minecraft:cow":9},"minecraft:dropped":{"minecraft:leather":1,"minecraft:white_bed":1,"minecraft:dirt":5,"minecraft:wooden_axe":1,"minecraft:oak_sapling":8,"minecraft:wooden_sword":1,"epicfight:stone_greatsword":1},"minecraft:killed_by":{"minecraft:skeleton":1,"minecraft:pillager":1}},"DataVersion":3465}