{"stats":{"minecraft:used":{"minecraft:oak_log":4,"securitycraft:sentry":2,"minecraft:wooden_sword":11,"minecraft:dirt":37,"minecraft:flint_and_steel":1,"minecraft:tnt":23,"epicfight:uchigatana":19},"minecraft:mined":{"minecraft:grass_block":2,"minecraft:birch_log":2},"minecraft:killed":{"minecraft:skeleton":2,"minecraft:pig":1,"minecraft:creeper":2,"minecraft:enderman":1,"minecraft:cow":3,"minecraft:spider":1},"minecraft:dropped":{"minecraft:leather":1},"minecraft:picked_up":{"securitycraft:sentry":2,"minecraft:birch_log":2,"minecraft:stick":2,"minecraft:arrow":1,"minecraft:bone":3,"minecraft:apple":1,"minecraft:leather":2,"minecraft:beef":5,"minecraft:porkchop":1,"minecraft:oak_log":4,"minecraft:oak_sapling":2,"minecraft:string":1,"minecraft:dirt":82},"minecraft:custom":{"minecraft:time_since_rest":40628,"minecraft:crouch_one_cm":1421,"minecraft:play_time":40628,"minecraft:sprint_one_cm":66003,"minecraft:damage_taken":180,"minecraft:walk_one_cm":137216,"minecraft:sneak_time":103,"minecraft:mob_kills":10,"minecraft:drop":1,"minecraft:jump":442,"minecraft:damage_dealt":1769,"minecraft:leave_game":4,"minecraft:time_since_death":40628,"minecraft:walk_on_water_one_cm":201,"minecraft:total_world_time":40628,"minecraft:fall_one_cm":894,"minecraft:fly_one_cm":258852}},"DataVersion":3465}